{"train/loss": 0.6487, "train/grad_norm": 0.6319736242294312, "train/learning_rate": 4.96e-05, "train/epoch": 0.008, "train/global_step": 10, "_timestamp": 1718871912.8817964, "_runtime": 467.1627652645111, "_step": 0}